<?xml version="1.0" encoding="UTF-8"?>
<project-private xmlns="http://www.netbeans.org/ns/project-private/1">
    <editor-bookmarks xmlns="http://www.netbeans.org/ns/editor-bookmarks/2" lastBookmarkId="0"/>
    <open-files xmlns="http://www.netbeans.org/ns/projectui-open-files/2">
        <group>
            <file>file:/D:/Laboratorios%20022023/LAB_DESARROLLO1/Guia_3_1/web/Login.jsp</file>
            <file>file:/D:/Laboratorios%20022023/LAB_DESARROLLO1/Guia_3_1/web/footer.jsp</file>
            <file>file:/D:/Laboratorios%20022023/LAB_DESARROLLO1/Guia_3_1/src/java/ServletPrincipal.java</file>
            <file>file:/D:/Laboratorios%20022023/LAB_DESARROLLO1/Guia_3_1/web/header.jsp</file>
            <file>file:/D:/Laboratorios%20022023/LAB_DESARROLLO1/Guia_3_1/web/PanelAdministrador.jsp</file>
            <file>file:/D:/Laboratorios%20022023/LAB_DESARROLLO1/Guia_3_1/web/MenuAdministrador.jsp</file>
        </group>
    </open-files>
</project-private>
